candidate_id,source_page,source_page_index,x,y,w,h,area,row_index,col_index,img_width,img_height
page00_r00_c00,Scan (3)_page_0002.png,0,637,229,7,12,50,0,0,2550,3300
page00_r00_c01,Scan (3)_page_0002.png,0,650,211,8,10,39,0,1,2550,3300
page00_r00_c02,Scan (3)_page_0002.png,0,660,157,40,51,325,0,2,2550,3300
page00_r00_c03,Scan (3)_page_0002.png,0,699,148,12,7,54,0,3,2550,3300
page00_r01_c00,Scan (3)_page_0002.png,0,462,385,148,66,3839,1,0,2550,3300
page00_r01_c01,Scan (3)_page_0002.png,0,602,344,7,4,22,1,1,2550,3300
page00_r01_c02,Scan (3)_page_0002.png,0,2503,287,47,508,8337,1,2,2550,3300
page00_r02_c00,Scan (3)_page_0002.png,0,462,493,152,57,3607,2,0,2550,3300
page00_r02_c01,Scan (3)_page_0002.png,0,464,598,153,51,3452,2,1,2550,3300
page00_r02_c02,Scan (3)_page_0002.png,0,747,575,94,114,1850,2,2,2550,3300
page00_r02_c03,Scan (3)_page_0002.png,0,846,566,146,84,1092,2,3,2550,3300
page00_r02_c04,Scan (3)_page_0002.png,0,1137,591,74,73,1299,2,4,2550,3300
page00_r02_c05,Scan (3)_page_0002.png,0,1221,576,82,94,754,2,5,2550,3300
page00_r02_c06,Scan (3)_page_0002.png,0,1632,566,12,64,373,2,6,2550,3300
page00_r02_c07,Scan (3)_page_0002.png,0,1688,579,76,58,837,2,7,2550,3300
page00_r03_c00,Scan (3)_page_0002.png,0,464,699,158,56,3666,3,0,2550,3300
page00_r03_c01,Scan (3)_page_0002.png,0,487,661,35,10,150,3,1,2550,3300
page00_r03_c02,Scan (3)_page_0002.png,0,757,709,128,143,3248,3,2,2550,3300
page00_r03_c03,Scan (3)_page_0002.png,0,1162,699,38,48,704,3,3,2550,3300
page00_r03_c04,Scan (3)_page_0002.png,0,1239,662,104,74,1010,3,4,2550,3300
page00_r03_c05,Scan (3)_page_0002.png,0,1258,732,150,80,954,3,5,2550,3300
page00_r03_c06,Scan (3)_page_0002.png,0,1607,654,65,73,1142,3,6,2550,3300
page00_r03_c07,Scan (3)_page_0002.png,0,1628,741,45,59,779,3,7,2550,3300
page00_r03_c08,Scan (3)_page_0002.png,0,1699,658,88,70,895,3,8,2550,3300
page00_r03_c09,Scan (3)_page_0002.png,0,1716,758,65,42,583,3,9,2550,3300
page00_r04_c00,Scan (3)_page_0002.png,0,464,800,162,55,3777,4,0,2550,3300
page00_r04_c01,Scan (3)_page_0002.png,0,479,862,53,12,299,4,1,2550,3300
page00_r04_c02,Scan (3)_page_0002.png,0,483,763,45,12,246,4,2,2550,3300
page00_r04_c03,Scan (3)_page_0002.png,0,798,866,34,66,940,4,3,2550,3300
page00_r04_c04,Scan (3)_page_0002.png,0,852,792,98,61,849,4,4,2550,3300
page00_r04_c05,Scan (3)_page_0002.png,0,1142,762,84,68,1296,4,5,2550,3300
page00_r04_c06,Scan (3)_page_0002.png,0,1292,809,132,106,1089,4,6,2550,3300
page00_r04_c07,Scan (3)_page_0002.png,0,1315,833,123,165,1504,4,7,2550,3300
page00_r04_c08,Scan (3)_page_0002.png,0,1638,817,41,71,727,4,8,2550,3300
page00_r04_c09,Scan (3)_page_0002.png,0,1724,833,57,47,483,4,9,2550,3300
page00_r05_c00,Scan (3)_page_0002.png,0,465,899,166,59,3856,5,0,2550,3300
page00_r05_c01,Scan (3)_page_0002.png,0,481,963,54,13,349,5,1,2550,3300
page00_r05_c02,Scan (3)_page_0002.png,0,767,946,67,80,909,5,2,2550,3300
page00_r05_c03,Scan (3)_page_0002.png,0,859,942,152,84,1176,5,3,2550,3300
page00_r05_c04,Scan (3)_page_0002.png,0,861,881,87,47,866,5,4,2550,3300
page00_r05_c05,Scan (3)_page_0002.png,0,1187,931,90,76,1540,5,5,2550,3300
page00_r05_c06,Scan (3)_page_0002.png,0,1193,869,44,43,737,5,6,2550,3300
page00_r05_c07,Scan (3)_page_0002.png,0,1423,970,14,22,75,5,7,2550,3300
page00_r05_c08,Scan (3)_page_0002.png,0,1457,934,28,17,106,5,8,2550,3300
page00_r05_c09,Scan (3)_page_0002.png,0,1633,910,54,60,850,5,9,2550,3300
page00_r05_c10,Scan (3)_page_0002.png,0,1725,899,125,79,1001,5,10,2550,3300
page00_r05_c11,Scan (3)_page_0002.png,0,1815,879,8,4,22,5,11,2550,3300
page00_r06_c00,Scan (3)_page_0002.png,0,467,999,167,62,4044,6,0,2550,3300
page00_r06_c01,Scan (3)_page_0002.png,0,485,1063,57,14,403,6,1,2550,3300
page00_r06_c02,Scan (3)_page_0002.png,0,793,1057,39,48,673,6,2,2550,3300
page00_r06_c03,Scan (3)_page_0002.png,0,903,997,85,90,871,6,3,2550,3300
page00_r06_c04,Scan (3)_page_0002.png,0,1233,1041,34,66,846,6,4,2550,3300
page00_r06_c05,Scan (3)_page_0002.png,0,1320,1077,177,150,1323,6,5,2550,3300
page00_r06_c06,Scan (3)_page_0002.png,0,1338,1006,168,133,1178,6,6,2550,3300
page00_r06_c07,Scan (3)_page_0002.png,0,1362,1021,37,40,218,6,7,2550,3300
page00_r06_c08,Scan (3)_page_0002.png,0,1400,993,22,27,75,6,8,2550,3300
page00_r06_c09,Scan (3)_page_0002.png,0,1655,1000,41,52,823,6,9,2550,3300
page00_r06_c10,Scan (3)_page_0002.png,0,1657,1081,40,63,607,6,10,2550,3300
page00_r06_c11,Scan (3)_page_0002.png,0,1738,1002,86,56,728,6,11,2550,3300
page00_r06_c12,Scan (3)_page_0002.png,0,1745,1063,116,67,1011,6,12,2550,3300
page00_r07_c00,Scan (3)_page_0002.png,0,470,1100,168,60,3877,7,0,2550,3300
page00_r07_c01,Scan (3)_page_0002.png,0,472,1201,170,75,4425,7,1,2550,3300
page00_r07_c02,Scan (3)_page_0002.png,0,484,1161,62,16,485,7,2,2550,3300
page00_r07_c03,Scan (3)_page_0002.png,0,794,1179,5,7,25,7,3,2550,3300
page00_r07_c04,Scan (3)_page_0002.png,0,798,1125,60,65,1066,7,4,2550,3300
page00_r07_c05,Scan (3)_page_0002.png,0,816,1199,38,69,884,7,5,2550,3300
page00_r07_c06,Scan (3)_page_0002.png,0,897,1120,120,58,937,7,6,2550,3300
page00_r07_c07,Scan (3)_page_0002.png,0,1167,1103,143,63,1860,7,7,2550,3300
page00_r07_c08,Scan (3)_page_0002.png,0,1278,1201,26,43,446,7,8,2550,3300
page00_r07_c09,Scan (3)_page_0002.png,0,1664,1164,44,58,857,7,9,2550,3300
page00_r07_c10,Scan (3)_page_0002.png,0,1722,1101,7,9,47,7,10,2550,3300
page00_r07_c11,Scan (3)_page_0002.png,0,1780,1148,90,68,865,7,11,2550,3300
page00_r08_c00,Scan (3)_page_0002.png,0,475,1301,171,75,4424,8,0,2550,3300
page00_r08_c01,Scan (3)_page_0002.png,0,842,1278,62,78,1509,8,1,2550,3300
page00_r08_c02,Scan (3)_page_0002.png,0,900,1228,96,50,805,8,2,2550,3300
page00_r08_c03,Scan (3)_page_0002.png,0,943,1293,93,52,726,8,3,2550,3300
page00_r08_c04,Scan (3)_page_0002.png,0,1276,1256,68,76,1101,8,4,2550,3300
page00_r08_c05,Scan (3)_page_0002.png,0,1350,1245,149,83,1050,8,5,2550,3300
page00_r08_c06,Scan (3)_page_0002.png,0,1385,1302,94,102,1198,8,6,2550,3300
page00_r08_c07,Scan (3)_page_0002.png,0,1516,1289,44,38,178,8,7,2550,3300
page00_r08_c08,Scan (3)_page_0002.png,0,1687,1239,41,68,849,8,8,2550,3300
page00_r08_c09,Scan (3)_page_0002.png,0,1695,1327,117,315,10820,8,9,2550,3300
page00_r08_c10,Scan (3)_page_0002.png,0,1788,1222,139,70,1204,8,10,2550,3300
page00_r08_c11,Scan (3)_page_0002.png,0,1794,1301,63,132,1753,8,11,2550,3300
page00_r08_c12,Scan (3)_page_0002.png,0,1880,1311,198,88,1253,8,12,2550,3300
page00_r08_c13,Scan (3)_page_0002.png,0,1909,1285,226,196,2576,8,13,2550,3300
page00_r09_c00,Scan (3)_page_0002.png,0,479,1400,171,78,4528,9,0,2550,3300
page00_r09_c01,Scan (3)_page_0002.png,0,742,1428,61,100,1160,9,1,2550,3300
page00_r09_c02,Scan (3)_page_0002.png,0,849,1388,59,46,1096,9,2,2550,3300
page00_r09_c03,Scan (3)_page_0002.png,0,955,1429,132,87,1110,9,3,2550,3300
page00_r09_c04,Scan (3)_page_0002.png,0,969,1369,117,67,958,9,4,2550,3300
page00_r09_c05,Scan (3)_page_0002.png,0,1295,1431,116,65,1070,9,5,2550,3300
page00_r09_c06,Scan (3)_page_0002.png,0,1324,1368,35,42,561,9,6,2550,3300
page00_r09_c07,Scan (3)_page_0002.png,0,1420,1353,68,51,720,9,7,2550,3300
page00_r09_c08,Scan (3)_page_0002.png,0,1458,1400,76,85,656,9,8,2550,3300
page00_r09_c09,Scan (3)_page_0002.png,0,1490,1329,24,23,85,9,9,2550,3300
page00_r10_c00,Scan (3)_page_0002.png,0,483,1501,173,77,4561,10,0,2550,3300
page00_r10_c01,Scan (3)_page_0002.png,0,766,1532,38,65,677,10,1,2550,3300
page00_r10_c02,Scan (3)_page_0002.png,0,935,1536,125,67,1118,10,2,2550,3300
page00_r10_c03,Scan (3)_page_0002.png,0,1354,1518,51,59,698,10,3,2550,3300
page00_r10_c04,Scan (3)_page_0002.png,0,1464,1443,133,124,1143,10,4,2550,3300
page00_r10_c05,Scan (3)_page_0002.png,0,1861,1445,11,15,121,10,5,2550,3300
page00_r10_c06,Scan (3)_page_0002.png,0,1869,1488,13,16,141,10,6,2550,3300
page00_r10_c07,Scan (3)_page_0002.png,0,1884,1530,11,15,121,10,7,2550,3300
page00_r11_c00,Scan (3)_page_0002.png,0,486,1601,173,80,4629,11,0,2550,3300
page00_r11_c01,Scan (3)_page_0002.png,0,769,1607,87,88,1688,11,1,2550,3300
page00_r11_c02,Scan (3)_page_0002.png,0,975,1599,106,77,841,11,2,2550,3300
page00_r11_c03,Scan (3)_page_0002.png,0,1275,1593,59,92,1097,11,3,2550,3300
page00_r11_c04,Scan (3)_page_0002.png,0,1387,1590,144,63,1063,11,4,2550,3300
page00_r11_c05,Scan (3)_page_0002.png,0,1428,1665,86,54,553,11,5,2550,3300
page00_r11_c06,Scan (3)_page_0002.png,0,1521,1643,18,12,128,11,6,2550,3300
page00_r11_c07,Scan (3)_page_0002.png,0,1754,1669,5,7,29,11,7,2550,3300
page00_r11_c08,Scan (3)_page_0002.png,0,1873,1653,43,47,576,11,8,2550,3300
page00_r11_c09,Scan (3)_page_0002.png,0,1881,1620,9,8,60,11,9,2550,3300
page00_r11_c10,Scan (3)_page_0002.png,0,1882,1568,9,31,207,11,10,2550,3300
page00_r11_c11,Scan (3)_page_0002.png,0,1945,1573,166,59,1099,11,11,2550,3300
page00_r12_c00,Scan (3)_page_0002.png,0,489,1701,173,80,4604,12,0,2550,3300
page00_r12_c01,Scan (3)_page_0002.png,0,797,1719,38,94,1090,12,1,2550,3300
page00_r12_c02,Scan (3)_page_0002.png,0,848,1771,39,83,1130,12,2,2550,3300
page00_r12_c03,Scan (3)_page_0002.png,0,960,1711,107,65,980,12,3,2550,3300
page00_r12_c04,Scan (3)_page_0002.png,0,1342,1741,69,78,982,12,4,2550,3300
page00_r12_c05,Scan (3)_page_0002.png,0,1349,1681,40,56,658,12,5,2550,3300
page00_r12_c06,Scan (3)_page_0002.png,0,1451,1759,128,62,900,12,6,2550,3300
page00_r12_c07,Scan (3)_page_0002.png,0,1890,1708,9,9,58,12,7,2550,3300
page00_r12_c08,Scan (3)_page_0002.png,0,1895,1776,19,45,318,12,8,2550,3300
page00_r12_c09,Scan (3)_page_0002.png,0,1959,1737,149,73,1039,12,9,2550,3300
page00_r13_c00,Scan (3)_page_0002.png,0,492,1802,174,78,4569,13,0,2550,3300
page00_r13_c01,Scan (3)_page_0002.png,0,750,1861,44,67,700,13,1,2550,3300
page00_r13_c02,Scan (3)_page_0002.png,0,956,1846,108,84,933,13,2,2550,3300
page00_r13_c03,Scan (3)_page_0002.png,0,966,1804,96,70,995,13,3,2550,3300
page00_r13_c04,Scan (3)_page_0002.png,0,1371,1857,45,49,612,13,4,2550,3300
page00_r13_c05,Scan (3)_page_0002.png,0,1487,1820,145,59,1147,13,5,2550,3300
page00_r13_c06,Scan (3)_page_0002.png,0,1782,1831,16,22,176,13,6,2550,3300
page00_r13_c07,Scan (3)_page_0002.png,0,1802,1829,14,21,146,13,7,2550,3300
page00_r13_c08,Scan (3)_page_0002.png,0,1942,1883,81,37,528,13,8,2550,3300
page00_r13_c09,Scan (3)_page_0002.png,0,1944,1893,10,16,54,13,9,2550,3300
page00_r13_c10,Scan (3)_page_0002.png,0,1981,1795,150,63,1069,13,10,2550,3300
page00_r14_c00,Scan (3)_page_0002.png,0,494,1901,175,83,4739,14,0,2550,3300
page00_r14_c01,Scan (3)_page_0002.png,0,499,2004,174,78,4563,14,1,2550,3300
page00_r14_c02,Scan (3)_page_0002.png,0,763,1956,125,79,1904,14,2,2550,3300
page00_r14_c03,Scan (3)_page_0002.png,0,983,1932,93,84,1034,14,3,2550,3300
page00_r14_c04,Scan (3)_page_0002.png,0,986,1999,94,78,903,14,4,2550,3300
page00_r14_c05,Scan (3)_page_0002.png,0,1269,1919,84,83,1837,14,5,2550,3300
page00_r14_c06,Scan (3)_page_0002.png,0,1403,1933,106,62,1345,14,6,2550,3300
page00_r14_c07,Scan (3)_page_0002.png,0,1448,1977,99,103,1006,14,7,2550,3300
page00_r14_c08,Scan (3)_page_0002.png,0,1837,1973,107,98,2699,14,8,2550,3300
page00_r14_c09,Scan (3)_page_0002.png,0,1865,1906,9,36,222,14,9,2550,3300
page00_r14_c10,Scan (3)_page_0002.png,0,1881,1907,18,33,238,14,10,2550,3300
page00_r14_c11,Scan (3)_page_0002.png,0,1985,1991,140,50,924,14,11,2550,3300
page00_r15_c00,Scan (3)_page_0002.png,0,503,2102,175,83,4658,15,0,2550,3300
page00_r15_c01,Scan (3)_page_0002.png,0,818,2126,101,67,1297,15,1,2550,3300
page00_r15_c02,Scan (3)_page_0002.png,0,852,2046,9,7,48,15,2,2550,3300
page00_r15_c03,Scan (3)_page_0002.png,0,855,2068,10,39,271,15,3,2550,3300
page00_r15_c04,Scan (3)_page_0002.png,0,968,2095,85,82,934,15,4,2550,3300
page00_r15_c05,Scan (3)_page_0002.png,0,1301,2032,59,49,1025,15,5,2550,3300
page00_r15_c06,Scan (3)_page_0002.png,0,1302,2076,113,88,1357,15,6,2550,3300
page00_r15_c07,Scan (3)_page_0002.png,0,1501,2107,237,134,1916,15,7,2550,3300
page00_r15_c08,Scan (3)_page_0002.png,0,1505,2029,168,147,1685,15,8,2550,3300
page00_r15_c09,Scan (3)_page_0002.png,0,1788,2105,157,14,1011,15,9,2550,3300
page00_r15_c10,Scan (3)_page_0002.png,0,2010,2059,125,70,1088,15,10,2550,3300
page00_r16_c00,Scan (3)_page_0002.png,0,505,2204,176,81,4619,16,0,2550,3300
page00_r16_c01,Scan (3)_page_0002.png,0,838,2213,7,8,38,16,1,2550,3300
page00_r16_c02,Scan (3)_page_0002.png,0,843,2234,26,54,450,16,2,2550,3300
page00_r16_c03,Scan (3)_page_0002.png,0,958,2252,78,91,843,16,3,2550,3300
page00_r16_c04,Scan (3)_page_0002.png,0,972,2168,111,93,1076,16,4,2550,3300
page00_r16_c05,Scan (3)_page_0002.png,0,1349,2205,71,41,906,16,5,2550,3300
page00_r16_c06,Scan (3)_page_0002.png,0,1354,2261,59,75,902,16,6,2550,3300
page00_r16_c07,Scan (3)_page_0002.png,0,1554,2209,130,124,1307,16,7,2550,3300
page00_r16_c08,Scan (3)_page_0002.png,0,1884,2195,23,61,433,16,8,2550,3300
page00_r16_c09,Scan (3)_page_0002.png,0,1907,2162,8,8,51,16,9,2550,3300
page00_r16_c10,Scan (3)_page_0002.png,0,1986,2171,146,47,1106,16,10,2550,3300
page00_r17_c00,Scan (3)_page_0002.png,0,508,2303,177,82,4685,17,0,2550,3300
page00_r17_c01,Scan (3)_page_0002.png,0,737,2274,228,89,4597,17,1,2550,3300
page00_r17_c02,Scan (3)_page_0002.png,0,846,2372,58,70,989,17,2,2550,3300
page00_r17_c03,Scan (3)_page_0002.png,0,958,2333,152,81,1310,17,3,2550,3300
page00_r17_c04,Scan (3)_page_0002.png,0,1386,2365,36,73,827,17,4,2550,3300
page00_r17_c05,Scan (3)_page_0002.png,0,1445,2357,101,52,863,17,5,2550,3300
page00_r17_c06,Scan (3)_page_0002.png,0,1517,2318,149,152,1156,17,6,2550,3300
page00_r18_c00,Scan (3)_page_0002.png,0,510,2403,179,85,4807,18,0,2550,3300
page00_r18_c01,Scan (3)_page_0002.png,0,862,2456,56,65,818,18,1,2550,3300
page00_r18_c02,Scan (3)_page_0002.png,0,973,2384,102,123,1072,18,2,2550,3300
page00_r18_c03,Scan (3)_page_0002.png,0,1350,2449,137,59,2201,18,3,2550,3300
page00_r18_c04,Scan (3)_page_0002.png,0,1494,2476,280,89,1974,18,4,2550,3300
page00_r19_c00,Scan (3)_page_0002.png,0,511,2505,183,83,4697,19,0,2550,3300
page00_r19_c01,Scan (3)_page_0002.png,0,894,2527,13,64,418,19,1,2550,3300
page00_r19_c02,Scan (3)_page_0002.png,0,955,2494,116,91,967,19,2,2550,3300
page00_r19_c03,Scan (3)_page_0002.png,0,1002,2598,94,79,963,19,3,2550,3300
page00_r19_c04,Scan (3)_page_0002.png,0,1393,2528,81,43,1245,19,4,2550,3300
page00_r20_c00,Scan (3)_page_0002.png,0,513,2604,185,86,4921,20,0,2550,3300
page00_r20_c01,Scan (3)_page_0002.png,0,517,2704,185,88,4860,20,1,2550,3300
page00_r20_c02,Scan (3)_page_0002.png,0,847,2614,52,75,1107,20,2,2550,3300
page00_r20_c03,Scan (3)_page_0002.png,0,1016,2695,90,74,1018,20,3,2550,3300
page00_r21_c00,Scan (3)_page_0002.png,0,519,2803,187,92,5141,21,0,2550,3300
page00_r21_c01,Scan (3)_page_0002.png,0,870,2784,43,70,1083,21,1,2550,3300
page00_r21_c02,Scan (3)_page_0002.png,0,876,2722,79,45,1448,21,2,2550,3300
page00_r21_c03,Scan (3)_page_0002.png,0,1028,2749,108,95,1111,21,3,2550,3300
page00_r22_c00,Scan (3)_page_0002.png,0,523,2903,187,95,5166,22,0,2550,3300
page00_r22_c01,Scan (3)_page_0002.png,0,893,2881,45,52,1289,22,1,2550,3300
page00_r22_c02,Scan (3)_page_0002.png,0,1058,2829,129,104,1272,22,2,2550,3300
page00_r23_c00,Scan (3)_page_0002.png,0,529,3004,185,94,5047,23,0,2550,3300
page00_r23_c01,Scan (3)_page_0002.png,0,535,3103,187,180,11509,23,1,2550,3300
page00_r24_c00,Scan (3)_page_0002.png,0,561,3205,6,6,26,24,0,2550,3300
page00_r24_c01,Scan (3)_page_0002.png,0,815,3182,444,23,1704,24,1,2550,3300
page00_r24_c02,Scan (3)_page_0002.png,0,1638,3282,10,9,62,24,2,2550,3300
page01_r00_c00,printed alphabet.png,1,456,0,69,48,1079,0,0,525,444
page01_r01_c00,printed alphabet.png,1,453,90,72,354,9516,1,0,525,444
page01_r02_c00,printed alphabet.png,1,42,384,7,8,27,2,0,525,444
