filename,label,height,width,ink_ratio,num_components,avg_component_area,max_component_area,edge_density,local_variance
Scan (3)_page_0000.png,cursive,3300,2550,0.19784183006535946,502,0.0,0.0,0.019735710041592396,9.22266990528442e-05
Scan (3)_page_0001.png,cursive,3300,2550,0.09287676767676768,563,0.0,0.0,0.018669756387403445,7.23148841643706e-05
Scan (3)_page_0002.png,print,3300,2550,0.035787878787878785,234,0.0,0.0,0.008875816993464052,4.975559204467572e-05
Scan (3)_page_0003.png,print,3300,2550,0.06401283422459893,130,0.0,0.0,0.008720974450386216,5.251698166830465e-05
Scan (3)_page_0004.png,textures,3300,2550,0.10671158645276292,131,0.8184298272203698,45.0,0.01096660724896019,3.728784213308245e-05
Scan (3)_page_0005.png,textures,3300,2550,0.13502139037433156,145,0.0,0.0,0.007171479500891266,3.1668976589571685e-05
Scan (3)_page_0006.png,textures,3300,2550,0.0970949494949495,83,0.0,0.0,0.010321806298276887,6.470210064435378e-05
Scan (3)_page_0007.png,textures,3300,2550,0.11985656565656566,82,5.500757805395574,69.0,0.010458467023172905,6.615703023271635e-05
Scan (3)_page_0008.png,textures,3300,2550,0.30503612596553775,9,0.0,0.0,0.00031372549019607844,2.174549308620044e-06
Scan (3)_page_0009.png,textures,3300,2550,0.3255852644087938,25,0.0,0.0,0.0005024361259655377,2.7343044166627806e-06
Scan (3)_page_0010.png,textures,3300,2550,0.5320899584076054,77,4.834495301606547,38.0,0.0017535353535353536,7.812645890226122e-06
Scan (3)_page_0011.png,cursive,3300,2550,0.3893296494355318,208,12.738405577447711,120.0,0.0005912061794414736,5.5684640756226145e-06
Scan (3)_page_0012.png,textures,3300,2550,0.6107825311942959,58,9.4816611094271,55.0,0.00014818775995246585,1.5604273357894272e-06
Scan (3)_page_0013.png,cursive,3300,2550,0.34210493166963757,345,96.37890269778721,299.0,0.0006912655971479501,5.611902906821342e-06
Scan (3)_page_0014.png,print,3300,2550,0.03515151515151515,22,0.3801151864201273,16.0,0.0015721925133689839,8.062113010964822e-06
Scan (3)_page_0015.png,textures,3300,2550,0.9580324420677362,3,0.6762655350106093,1.0,0.001978609625668449,1.3883276551496238e-05
Scan (3)_page_0016.png,textures,3300,2550,0.6383250148544266,33,0.33979993937556835,1.0,0.0007975044563279857,5.903406417928636e-06
Scan (3)_page_0017.png,textures,3300,2550,0.8840478906714201,5,0.6944528645043953,1.0,0.0015676767676767677,1.1975212146353442e-05
Scan (3)_page_0018.png,cursive,3300,2550,0.0817030303030303,1443,70.49014852985754,973.0,0.014474747474747475,7.263488078024238e-05
Scan (4)_page_0019.png,textures,3300,2550,0.1771726678550208,141,0.0,0.0,1.7944147355912062e-05,3.3439198432461126e-07
Scan (4)_page_0020.png,textures,3300,2550,0.13555103980986333,65,0.18490451652015763,61.0,0.011256446821152703,7.354533590842038e-05
Scan (4)_page_0021.png,textures,3300,2550,0.1593103980986334,95,0.0,0.0,0.00883184789067142,3.2216681574936956e-05
Scan (4)_page_0022.png,cursive,3300,2550,0.10002697563874034,249,0.0,0.0,0.010825193107546049,4.494929453358054e-05
Scan (4)_page_0023.png,textures,3300,2550,0.09984052287581699,91,0.0,0.0,0.01007724301841949,6.257097265915945e-05
Scan (4)_page_0024.png,textures,3300,2550,0.10760130718954249,112,0.0,0.0,0.013053000594177066,7.82244824222289e-05
Scan (4)_page_0025.png,textures,3300,2550,0.13536577540106953,116,0.0,0.0,0.008083778966131907,3.6151977838017046e-05
Scan (4)_page_0026.png,cursive,3300,2550,0.06674592988710636,826,0.0,0.0,0.01540736779560309,6.245922122616321e-05
Scan (4)_page_0027.png,cursive,3300,2550,0.059158288770053476,1178,0.0,0.0,0.015455614973262033,5.1033548515988514e-05
Scan (4)_page_0028.png,cursive,3300,2550,0.09641033868092691,433,0.0,0.0,0.012525846702317291,6.005878822179511e-05
Scan (4)_page_0029.png,cursive,3300,2550,0.14472513368983958,801,0.0,0.0,0.01943802733214498,5.9473837609402835e-05
Scan (4)_page_0030.png,cursive,3300,2550,0.1524513368983957,700,0.0,0.0,0.018014022578728462,5.630891610053368e-05
Scan (4)_page_0031.png,cursive,3300,2550,0.1516167557932264,567,0.0,0.0,0.02159738562091503,6.740682874806225e-05
Scan (4)_page_0032.png,cursive,3300,2550,0.1584382650029709,661,0.0,0.0,0.020714676173499702,6.338030652841553e-05
Scan (4)_page_0033.png,cursive,3300,2550,0.10359762329174094,368,0.0,0.0,0.018539512774806893,7.43859782232903e-05
Scan (4)_page_0034.png,cursive,3300,2550,0.12382982768865122,402,44.607153682934225,374.0,0.012307664884135473,6.930530071258545e-05
Scan (4)_page_0035.png,textures,3300,2550,0.16393024361259656,134,0.0,0.0,0.009709566250742721,4.6728120651096106e-05
Scan (4)_page_0036.png,textures,3300,2550,0.2174640522875817,115,6.50560775992725,71.0,0.009377183600713013,4.485162571654655e-05
Scan (4)_page_0037.png,cursive,3300,2550,0.20039869281045752,244,62.208851167020306,221.0,0.019699702911467616,0.00010202347766608
Scan (4)_page_0038.png,textures,3300,2550,0.2198947118241236,98,0.0,0.0,0.02634830659536542,0.0001482755469623953
Scan (4)_page_0039.png,print,3300,2550,0.05629079025549614,85,0.0,0.0,0.001017944147355912,7.0259429776342586e-06
Scan (4)_page_0040.png,cursive,3300,2550,0.10326512180629828,377,0.0,0.0,0.008846702317290553,3.543166894814931e-05
Scan (4)_page_0041.png,cursive,3300,2550,0.13893523469994057,300,4.396483782964535,296.0,0.008682828282828283,3.591196218621917e-05
Scan (4)_page_0042.png,cursive,3300,2550,0.10665145573380867,446,57.56380721430737,446.0,0.01292893642305407,4.866181916440837e-05
Scan (4)_page_0043.png,cursive,3300,2550,0.08914295900178253,423,0.0,0.0,0.012119073083778966,4.468396946322173e-05
Scan (4)_page_0044.png,cursive,3300,2550,0.30748651218062983,216,0.0,0.0,0.01482721330956625,7.357847789535299e-05
Scan (4)_page_0045.png,cursive,3300,2550,0.31644135472370766,360,3.019096695968475,186.0,0.014108615567439097,6.645623943768442e-05
Scan (4)_page_0046.png,cursive,3300,2550,0.22707462863933453,323,0.0,0.0,0.008709685086155675,3.7740446714451537e-05
Scan (4)_page_0047.png,cursive,3300,2550,0.29899120617944147,618,213.23249469536222,358.0,0.022801663695781342,0.006134459283202887
Scan (4)_page_0048.png,cursive,3300,2550,0.20988342245989305,321,81.88147923613217,224.0,0.004663101604278075,3.358634057804011e-05
Scan (4)_page_0049.png,textures,3300,2550,0.1692819964349376,104,0.012124886329190664,10.0,1.1764705882352942e-05,2.9207052421043045e-07
Scan (4)_page_0050.png,cursive,3300,2550,0.31479655377302435,253,0.0,0.0,0.015222697563874035,7.66729936003685e-05
Scan (4)_page_0051.png,textures,3300,2550,0.15760487225193107,127,0.0,0.0,0.0032209150326797387,2.3059266823111102e-05
Scan (5)_page_0052.png,print,3300,2550,0.05074343434343434,153,0.0,0.0,0.0156815210932858,7.107876444933936e-05
Scan (5)_page_0053.png,cursive,3300,2550,0.08301865715983363,224,0.0,0.0,0.026804634581105168,0.00011618011922109872
Scan (5)_page_0054.png,cursive,3300,2550,0.218349376114082,400,2.4395271294331615,374.0,0.028853357100415925,0.0001109524819185026
Scan (5)_page_0055.png,cursive,3300,2550,0.0989724301841949,651,0.0,0.0,0.022635175282234105,7.220364932436496e-05
Scan (5)_page_0056.png,cursive,3300,2550,0.1827065953654189,379,0.9408911791451955,363.0,0.022945573380867498,8.019158849492669e-05
Scan (5)_page_0057.png,cursive,3300,2550,0.1885133689839572,692,10.06638375265232,602.0,0.022664765300059418,7.942828233353794e-05
Scan (5)_page_0058.png,cursive,3300,2550,0.19460308972073678,618,6.559260381933919,596.0,0.023678906714200833,8.071910997387022e-05
Scan (5)_page_0059.png,cursive,3300,2550,0.17836945929887107,454,3.848135798726887,426.0,0.02569162210338681,9.033519745571539e-05
Scan (5)_page_0060.png,cursive,3300,2550,0.1800732026143791,537,5.32434070930585,522.0,0.02148389780154486,7.757120329188183e-05
Scan (5)_page_0061.png,cursive,3300,2550,0.15982756981580512,391,2.3731433767808428,365.0,0.015916221033868094,6.320513784885406e-05
Scan (5)_page_0062.png,cursive,3300,2550,0.10649423648247178,396,0.0,0.0,0.017760427807486632,6.867597403470427e-05
Scan (5)_page_0063.png,cursive,3300,2550,0.17785811051693404,528,4.9496817217338585,490.0,0.021144385026737968,7.882911449996755e-05
Scan (5)_page_0064.png,cursive,3300,2550,0.17710089126559714,362,1.737496210973022,339.0,0.01664622697563874,6.505652709165588e-05
Scan (5)_page_0065.png,cursive,3300,2550,0.0841357100415924,286,0.0,0.0,0.01456934046345811,6.2190716562327e-05
Scan (5)_page_0066.png,cursive,3300,2550,0.09967914438502674,361,0.0,0.0,0.018314081996434937,7.185441791079938e-05
Scan (6)_page_0067.png,print,3300,2550,0.07543434343434344,144,0.0,0.0,0.023295187165775402,0.00010180151730310172
Scan (6)_page_0068.png,print,3300,2550,0.07425502079619727,190,0.0,0.0,0.024818894830659535,0.00011249380622757599
Scan (6)_page_0069.png,cursive,3300,2550,0.07374818775995247,245,0.0,0.0,0.025629827688651217,0.00011322199861751869
Scan (6)_page_0070.png,cursive,3300,2550,0.0571281045751634,314,0.0,0.0,0.01795959595959596,8.888083539204672e-05
Scan (6)_page_0071.png,cursive,3300,2550,0.05353131313131313,221,0.0,0.0,0.018142840166369578,8.244570199167356e-05
Scan (6)_page_0072.png,cursive,3300,2550,0.07841794414735591,261,0.0,0.0,0.022817944147355912,0.00011183619062649086
Scan (6)_page_0073.png,cursive,3300,2550,0.06904444444444445,284,0.0,0.0,0.022793226381461675,0.00011044278653571382
Scan (6)_page_0074.png,textures,3300,2550,0.04911039809863339,400,0.0,0.0,0.016394058229352346,8.046098082559183e-05
Scan (6)_page_0075.png,print,3300,2550,0.04822792632204397,247,0.0,0.0,0.015619370172311348,7.388062658719718e-05
Scan (6)_page_0076.png,cursive,3300,2550,0.06605454545454545,292,0.0,0.0,0.012768508615567439,6.704741099383682e-05
Scan (6)_page_0077.png,cursive,3300,2550,0.09378906714200831,330,0.0,0.0,0.024255377302436126,0.00010414246207801625
Scan (6)_page_0078.png,cursive,3300,2550,0.06172299465240642,269,0.0,0.0,0.02068009506833036,0.00010384987399447709
Scan (6)_page_0079.png,cursive,3300,2550,0.06279916815210933,303,0.0,0.0,0.021014973262032086,9.691037848824635e-05
Scan (6)_page_0080.png,cursive,3300,2550,0.08708983957219252,240,0.0,0.0,0.02033285799168152,9.881716687232256e-05
Scan (6)_page_0081.png,cursive,3300,2550,0.08721224004753417,236,0.0,0.0,0.018107783719548427,8.218536095228046e-05
Scan (6)_page_0082.png,cursive,3300,2550,0.07760629827688652,259,0.0,0.0,0.016308377896613192,7.94724837760441e-05
Scan (6)_page_0083.png,cursive,3300,2550,0.09649506833036245,269,0.0,0.0,0.022041354723707666,0.0001052510560839437
Scan (6)_page_0084.png,cursive,3300,2550,0.08805525846702317,267,0.0,0.0,0.018085680332739155,8.900921966414899e-05
Scan (6)_page_0085.png,cursive,3300,2550,0.17262186571598337,275,0.6189754471051834,220.0,0.017127272727272727,8.277469169115648e-05
Scan (6)_page_0086.png,cursive,3300,2550,0.2178293523469994,329,0.5786602000606245,1.0,0.013320974450386215,6.258857320062816e-05
Scan (6)_page_0087.png,print,3300,2550,0.04931277480689245,224,0.0,0.0,0.01688781937017231,7.748639472993091e-05
Scan (6)_page_0088.png,cursive,3300,2550,0.06275175282234106,264,0.0,0.0,0.016447058823529412,7.882750651333481e-05
Scan (6)_page_0089.png,textures,3300,2550,0.08245870469399881,176,0.0,0.0,0.013127985739750445,6.628630944760516e-05
Scan (6)_page_0090.png,cursive,3300,2550,0.057394295900178256,337,0.0,0.0,0.016591800356506238,7.7045478974469e-05
Scan (6)_page_0091.png,print,3300,2550,0.04659762329174094,215,0.0,0.0,0.01361283422459893,6.575512088602409e-05
Scan (7)_page_0092.png,textures,3300,2550,0.08443363042186572,11,0.08790542588663232,1.0,0.0003803921568627451,6.459259566327091e-06
Scan (7)_page_0093.png,cursive,3300,2550,0.40996696375519903,441,1.0,1.0,0.022244919786096256,9.718856745166704e-05
Scan (7)_page_0094.png,textures,3300,2550,0.09689542483660131,199,0.0,0.0,0.0237921568627451,0.00010844419011846185
Scan (7)_page_0095.png,cursive,3300,2550,0.0952486036838978,284,0.0,0.0,0.025195008912655973,0.0001061756192939356
Scan (7)_page_0096.png,cursive,3300,2550,0.07748900772430184,250,0.0,0.0,0.017453000594177065,8.45111208036542e-05
Scan (7)_page_0097.png,cursive,3300,2550,0.07350576351752823,221,0.0,0.0,0.01744313725490196,7.506690599257126e-05
Scan (7)_page_0098.png,cursive,3300,2550,0.10315971479500892,235,0.0,0.0,0.022401782531194295,0.00010800141171785071
Scan (7)_page_0099.png,cursive,3300,2550,0.09919370172311348,355,0.0,0.0,0.021204159239453357,9.615720773581415e-05
Scan (7)_page_0100.png,cursive,3300,2550,0.06642364824717766,362,0.0,0.0,0.01582293523469994,7.314898539334536e-05
Scan (7)_page_0101.png,cursive,3300,2550,0.07515805109922757,337,0.0,0.0,0.015843374925727866,7.483068475266919e-05
Scan (8)_page_0102.png,print,3300,2550,0.07079726678550208,164,25.89542285541073,158.0,0.00936934046345811,0.00011457103391876444
Scan (8)_page_0103.png,textures,3300,2550,0.04478181818181818,1566,155.89178538951197,1559.0,0.02559251336898396,0.00018104628543369472
Scan (8)_page_0104.png,cursive,3300,2550,0.055235769459298874,1146,71.80175810851773,657.0,0.01678918597742127,0.00012900026922579855
Scan (8)_page_0105.png,textures,3300,2550,0.04076743909685086,1124,167.8657168839042,1118.0,0.01909162210338681,0.00014217570424079895
Scan (8)_page_0106.png,cursive,3300,2550,0.0630795008912656,1232,367.9263413155502,1232.0,0.018378966131907308,0.00014606684271711856
Scan (8)_page_0107.png,cursive,3300,2550,0.08772501485442662,322,18.738102455289482,244.0,0.02526535947712418,0.0003414170059841126
Scan (8)_page_0108.png,textures,3300,2550,0.04002994652406417,311,5.028493482873598,306.0,0.016764349376114082,0.0001442896609660238
Scan (8)_page_0109.png,textures,3300,2550,0.04338169934640523,266,19.569869657471962,263.0,0.01728853238265003,0.00014130760973785073
Scan (8)_page_0110.png,cursive,3300,2550,0.2345007724301842,370,70.39527129433162,352.0,0.010345811051693405,6.512663094326854e-05
Scan (8)_page_0111.png,textures,3300,2550,0.35171883541295307,151,0.0,0.0,0.0011067142008318479,1.9350269212736748e-05
Scan (8)_page_0112.png,textures,3300,2550,0.3056237670825906,74,0.0,0.0,0.000839453357100416,1.2352988960628863e-05
